<?xml version="1.0" encoding="utf-8"?>

<feed xmlns="http://www.w3.org/2005/Atom" >
  <generator uri="https://jekyllrb.com/" version="3.8.5">Jekyll</generator>
  <link href="http://localhost:4000/feed.xml" rel="self" type="application/atom+xml" />
  <link href="http://localhost:4000/" rel="alternate" type="text/html" />
  <updated>2019-07-02T16:19:59-03:00</updated>
  <id>http://localhost:4000/</id>

  
    <title type="html">Marcelo Rios</title>
  

  
    <subtitle>Write an awesome description for your new site here. You can edit this line in _config.yml. It will appear in your document head meta (for Google search results) and in your feed.xml site description.</subtitle>
  

  

  
  
    <entry>
      <title type="html">Pliks</title>
      <link href="http://localhost:4000/web%20development/2014/07/18/Pliks.html" rel="alternate" type="text/html" title="Pliks" />
      <published>2014-07-18T00:00:00-03:00</published>
      <updated>2014-07-18T00:00:00-03:00</updated>
      <id>http://localhost:4000/web%20development/2014/07/18/Pliks</id>
      <content type="html" xml:base="http://localhost:4000/web%20development/2014/07/18/Pliks.html"></content>

      
      
      
      
      

      <author>
          <name></name>
        
        
      </author>

      
        <category term="Web Development" />
      

      

      
        <summary type="html"></summary>
      

      
      
    </entry>
  
    <entry>
      <title type="html">Vantago</title>
      <link href="http://localhost:4000/web%20development/2014/07/17/Vantago.html" rel="alternate" type="text/html" title="Vantago" />
      <published>2014-07-17T00:00:00-03:00</published>
      <updated>2014-07-17T00:00:00-03:00</updated>
      <id>http://localhost:4000/web%20development/2014/07/17/Vantago</id>
      <content type="html" xml:base="http://localhost:4000/web%20development/2014/07/17/Vantago.html"></content>

      
      
      
      
      

      <author>
          <name></name>
        
        
      </author>

      
        <category term="Web Development" />
      

      

      
        <summary type="html"></summary>
      

      
      
    </entry>
  
</feed>
